"Firstname	",Surname
Tony,Finau 
Cameron,Champ 
Ryan,Palmer 
Keith,Mitchell 
Ryan,Brehm 
Brooks,Koepka 
Danny,Lee 
Matthew,Wolff 
Bubba,Watson 
Jason,Kokrak 
Gary,Woodland 
Kurt,Kitayama 
Tyler,McCumber 
Grayson,Murray 
Patrick,Fishburn 
Kevin,Tway 
Viktor,Hovland 
Harold,Varner III
Byeong,Hun An
Scottie,Scheffler 
Matt,Jones 
Patrick,Cantlay 
Akshay,Bhatia 
Brandon,Hagy 
Lanto,Griffin 
Tom,Lewis 
Zack,Sucher 
Adam,Schenk 
Charles,Howell III
Sung,Kang 
Patrick,Rodgers 
Beau,Hossler 
Sebastian,Munoz 
Isaiah,Salinda 
Martin,Laird 
Lucas,Bjerregaard 
Kevin,Chappell 
Graham,DeLaet 
Harris,English 
D.J.,Trahan 
Bryson,DeChambeau 
Marc,Leishman 
Scott,Stallings 
Cameron,Davis 
Justin,Thomas 
Jeremy,Gandon 
Sam,Burns 
Sebastian,Cappelen 
Dominic,Bozzelli 
Alex,Noren 
Andrew,Novak 
Scott,Piercy 
Joel,Dahmen 
Jhonattan,Vegas 
Keegan,Bradley 
Wyndham,Clark 
Peter,Uihlein 
Kevin,Streelman 
Branden,Grace 
Sam,Ryder 
Cameron,Tringale 
Aaron,Wise 
Daniel,Berger 
Harry,Higgs 
Pat,Perez 
Martin,Trainer 
Smylie,Kaufman 
Robby,Shelton 
Scott,Harrington 
Nelson,Ledesma 
Joseph,Bramlett 
Rafael,Campos 
Rhein,Gibson 
Rod,Pampling 
Kristoffer,Ventura 
Vince,Covello 
Kramer,Hickok 
Richy,Werenski 
Vincent,Whaley 
Charley,Hoffman 
Roberto,Diaz 
Cameron,Percy 
Chesson,Hadley 
Corey,Conners 
Luke,List 
Brendan,Steele 
Abraham,Ancer 
Carlos,Ortiz 
Rory,Sabbatini 
Jimmy,Walker 
Mackenzie,Hughes 
Sungjae,Im 
Phil,Mickelson 
Joaquin,Niemann 
Josh,Teater 
Mark,Anderson 
Chase,Koepka 
Doug,Ghim 
Talor,Gooch 
Collin,Morikawa 
Doc,Redman 
Ted,Purdy 
Ryan,Moore 
Denny,McCarthy 
Maverick,McNealy 
Shawn,Stefani 
Kyoung-Hoon,Lee 
Adam,Hadwin 
Emiliano,Grillo 
Derek,Ernst 
Robert,Garrigus 
Chase,Seiffert 
Hank,Lebioda 
Adam,Scott 
Nick,Taylor 
Jonathan,Byrd 
Sepp,Straka 
Sangmoon,Bae 
Si,Woo Kim
Stewart,Cink 
Nick,Watney 
Michael,Gligic 
Xinjun,Zhang 
Anirban,Lahiri 
Chandler,Phillips 
Chip,McDaniel 
Russell,Knox 
Cameron,Smith 
Tim,Wilkinson 
J.B.,Holmes 
Jack,Trent 
Lucas,Glover 
Brian,Harman 
Seamus,Power 
Henrik,Norlander 
Dylan,Frittelli 
Tom,Hoge 
Hideki,Matsuyama 
Garrett,Osborn 
Wes,Roach 
John,Oda 
Nate,Lashley 
Jamie,Lovemark 
John,Daly 
Bo,Hoag 
Jason,Dufner 
Mark,Hubbard 
Adam,Long 
Michael,Gellerman 
Andrew,Putnam 
Austin,Cook 
Matt,Every 
Davis,Riley 
J.T.,Poston 
J.J.,Spaun 
Bronson,Burgoon 
Kevin,Na 
Arjun,Atwal 
Patton,Kizzire 
Robert,Streb 
Brian,Gay 
Bud,Cauley 
Jim,Furyk 
John,Merrick 
John,Senden 
James,Hahn 
Freddie,Jacobson 
Scott,Brown 
Fabian,Gomez 
Bill,Haas 
Andrew,Landry 
Webb,Simpson 
Ben,Taylor 
Francesco,Molinari 
Troy,Merritt 
C.T.,Pan 
Chris,Baker 
Ted,Potter Jr
Boo,Weekley 
Andy,Zhang 
Roger,Sloan 
Russell,Henley 
Vaughn,Taylor 
Michael,Thompson 
Jim,Herman 
Chez,Reavie 
Brice,Garnett 
Peter,Malnati 
Matthew,NeSmith 
Bo,Van Pelt
Alex,Cejka 
Brian,Stuard 
Max,Homa 
George,McNeill 
Brandt,Snedeker 
Aaron,Baddeley 
Morgan,Hoffmann 
Tyler,Duncan 
Zach,Johnson 
John,Huh 
Chad,Campbell 
Daniel,Chopra 
Rich,Beem 
Rob,Oppenheim 
Robert,Allenby 
Ben,Crane 
Cole,Hammer 
J.J.,Henry 
Chris,Stroud 
Ricky,Barnes 
Ryan,Blaum 
Tim,Herron 
Roberto,Castro 
Ryan,Armour 
David,Hearn 
Brendon,Todd 
Whee,Kim 
Kyle,Stanley 
Brandon,Wu 
Parker,McLachlin 
Satoshi,Kodaira 
Michael,Kim 
Ben,Martin 
Braden,Bailey 
Kevin,Stadler 
Johnson,Wagner 
Henrik,Stenson 
Tommy,Gainey 
Brendon,de Jonge
Carlos,Franco 
John,Rollins 
D.A.,Points 
Billy,Hurley III
Zac,Blair 
David,Lingmerth 
K.J.,Choi 
Kiradech,Aphibarnrat 
Yongjun,Bae 
Jung-gon,Hwang 
Kyongjun,Moon 
Sanghyun,Park 
Justin,Rose 
Jeongwoo,Ham 
Tyrrell,Hatton 
Tae,Hee Lee
Matthew,Millar 
Jazz,Janewattananond 
Tomoharu,Ohtsuki 
Jbe',Kruger 
Hyungjoon,Lee 
Haotong,Li 
Billy,Horschel 
Rafa,Cabrera Bello
Ashun,Wu 
Wonjoon,Lee 
Tiger,Woods 
Louis,Oosthuizen 
Xander,Schauffele 
Ian,Poulter 
Sergio,Garcia 
Robert,MacIntyre 
Neil,Schietekat 
Tommy,Fleetwood 
Graeme,McDowell 
Yi,Keun Chang
Mikumu,Horikawa 
Justin,Harding 
Joost,Luiten 
Victor,Perez 
Soomin,Lee 
Rikuya,Hoshino 
Jason,Day 
Kevin,Kisner 
Rory,McIlroy 
Benjamin,Hebert 
Matt,Wallace 
Paul,Waring 
Christiaan,Bezuidenhout 
Masahiro,Kawamura 
Andrea,Pavan 
Richard,Sterne 
Carl,Yuan 
Yosuke,Asaji 
Shane,Lowry 
Zander,Lombard 
Danny,Willett 
Matthew,Fitzpatrick 
Ryo,Ishikawa 
Jorge,Campillo 
WC,Liang 
Jake,McLeod 
Patrick,Reed 
Michael,Lorenzo-Vera 
Matthias,Schwab 
Bernd,Wiesberger 
Seungsu,Han 
Erik,van Rooyen
Paul,Casey 
Zecheng,Dou 
Chan,Kim 
Jinichiro,Kozuma 
Daniel,Nisbet 
Jordan,Spieth 
Scott,Hend 
Shugo,Imahira 
Zhengkai,Bai 
Romain,Langasque 
Shaun,Norris 
Dustin,Johnson 
Matt,Kuchar 
Rickie,Fowler 
Alex,Prugh 
Ollie,Schniederjans 
Kelly,Kraft 
Rob,Labritz 
David,Lipsky 
Ryan,Vermeer 
Chris,Kirk 
Scott,Langley 
Jon,Rahm 
Martin,Kaymer 
Lee,Westwood 
Jonas,Blixt 
Joey,Garber 
Stephan,Jaeger 
John,Chin 
Charlie,Danielson 
Jose,de Jesus
Sam,Saunders 
Adam,Svensson 
Thomas,Pieters 
Nicholas,Lindheim 
Padraig,Harrington 
Chase,Wright 
Aaron,Rai 
Kyle,Jones 
Thorbjorn,Olesen 
Ryan,Fox 
Ben,Silverman 
Cody,Gribble 
Brandon,Harkins 
Tyrone,Van Aswegen
Eddie,Pepperell 
Steve,Stricker 
Anders,Albertson 
Brady,Schnell 
Paul,Barjon 
Luke,Donald 
Marcus,Kinhult 
Seth,Reeves 
Philip,Eriksson 
David,Toms 
Kodai,Ichihara 
Martin,Piller 
Poom,Saksansin 
Ernie,Els 
Andrew,Wilson 
Tom,Lovelady 
Shubhankar,Sharma 
Chris,Thompson 
Curtis,Luck 
Innchoon,Hwang 
Callum,Shinkwin 
Colt,Knost 
Chad,Collins 
Mike,Weir 
Ashton,Turner 
Trey,Mullinax 
Mikko,Korhonen 
Adri,Arnaus 
Andy,Pope 
Nino,Bertasio 
Yuki,Inamori 
Justin,Walters 
Rhys,Enoch 
Clement,Sordet 
Ross,Fisher 
Will,Gordon 
Lucas,Herbert 
Marty,Jertson 
Norman,Xiong 
Jim,Knous 
Richard,Jung 
Jake,Knapp 
Wes,Homan 
Chris,Couch 
Tom,Lehman 
Justin,Suh 
Derek,Fathauer 
Dicky,Pride 
Charlie,Beljan 
Case,Cochran 
Hunter,Mahan 
Stephen,Stallings Jr
Andres,Romero 
Y.E.,Yang 
Julian,Etulain 
Alistair,Docherty 
Omar,Uresti 
Charlie,Wi 
Heath,Slocum 
Will,MacKenzie 
Eric,Axley 
Brian,Davis 
Michael,Hopper 
Frank,Lickliter II
Brett,Quigley 
Hayden,Springer 
Daniel,Summerhays 
Kyle,Westmoreland 
Dylan,Wu 
Tony,Romo 
Shintaro,Ban 
Calum,Hill 
Guido,Migliozzi 
Sebastian,Soderberg 
Kazuki,Higa 
Brendan,Jones 
Andrew,Johnston 
Andy,Sullivan 
Jordan,L Smith
Matthew,Southgate 
Scott,Vincent 
Alexander,Bjork 
JC,Ritchie 
Adrian,Otaegui 
Ryuko,Tokimatsu 
Joachim,B Hansen
Francesco,Laporta 
Joakim,Lagergren 
Thomas,Detry 
Darius,Van Driel
Julian,Suri 
Yuta,Ikeda 
Brandon,Stone 
Oliver,Wilson 
Jaco,Ahlers 
Chris,Paisley 
Sam,Horsfield 
Shota,Akiyoshi 
Brad,Kennedy 
Kalle,Samooja 
Robin,Roussel 
Nicolas,Colsaerts 
Antoine,Rozner 
Dean,Burmester 
George,Coetzee 
Charl,Schwartzel 
Yoshinori,Fujimoto 
Richie,Ramsay 
Sean,Crocker 
Adrian,Meronk 
Steven,Brown 
Sebi,Garcia 
Gunn,Charoenkul 
Jason,Scrivener 
Alexander,Levy 
Ricardo,Santos 
Gavin,Kyle Green
Jack,Senior 
Rashid,Khan 
Cormac,Sharvin 
Hiroshi,Iwata 
Pablo,Larrazabal 
Thriston,Lawrence 
Ho,Sung Choi
Richard,Bland 
John,Catlin 
Wade,Ormsby 
Louis,de Jager
Ignacio,Elvira Mijares
Sebastian,Heisele 
Miguel,Tabuena 
Alvaro,Quiros 
Sihwan,Kim 
Fabrizio,Zanotti 
Ewen,Ferguson 
Matthew,Griffin 
Gaganjeet,Bhullar 
Danie,van Tonder
Miguel,Angel Carballo
Naoki,Sekito 
Jeff,Winther 
Kwanchai,Tannin 
Chris,Wood 
Suradit,Yongcharoenchai 
Toshinori,Muto 
Bio,Kim 
Scott,Jamieson 
Jose-Filipe,Lima 
Sadom,Kaewkanjana 
Robert,Rock 
Paul,Dunne 
Steve,Surry 
Adilson,da Silva
David,Law 
Hiroyuki,Fujita 
Connor,Syme 
Ashley,Chesters 
Oliver,Farr 
Prom,Meesawat 
Dimi,Papadatos 
Edoardo,Molinari 
Angelo,Que 
Grant,Forrest 
Darren,Fichardt 
Lars,Van Meijel
Wil,Besseling 
Lorenzo,Gagli 
Stephen,Gallacher 
Jack,Singh Brar
Josh,Geary 
Sang-hee,Lee 
Maximilian,Kieffer 
Jean-Paul,Strydom 
Atomu,Shigenaga 
Kousuke,Hamamoto 
Juvic,Pagunsan 
Bryce,Easton 
Tapio,Pulkkanen 
David,Drysdale 
Hugo,Leon 
Andrew,Dodt 
Ben,Stow 
Hyun-woo,Ryu 
Renato,Paratore 
Ajeetesh,Sandhu 
Jeunghun,Wang 
Min,Woo Lee
Ross,McGowan 
Doyeob,Mun 
Johannes,Veerman 
Itthipat,Buranatanya 
Eirik,Tage Johansen
Richard,Lee 
Niklas,Lemke 
Daan,Huizing 
Hudson,Swafford 
Taylor,Pendrith 
Kim,Koivu 
Katsumasa,Miyamoto 
Joel,Sjoholm 
Gregory,Havret 
Nicolai,Hojgaard 
Oliver,Fisher 
Soren,Kjeldsen 
Peter,Karmis 
Oscar,Lengden 
Sung,Kug Park
Steven,Tiley 
Brett,Coletta 
Dale,Whitnell 
Thomas,Aiken 
Christopher,Sahlstrom 
Micah,Shin 
Chikkarangappa,S 
Emilio,Cuartero Blanco
Jake,Roos 
Lee,Slattery 
Matthieu,Pavon 
Jang,Dong-Kyu 
Liam,Johnston 
Ryosuke,Kinoshita 
Hyung-seok,Seo 
Yuta,Kinoshita 
Todd,Clements 
Panuphol,Pittayarat 
Anton,Karlsson 
Michael,Palmer 
Merrick,Bremner 
Hideto,Tanihara 
Edoardo,Raffael Lipparelli
Koumei,Oda 
Danthai,Boonma 
Berry,Henson 
Victor,Dubuisson 
Benjamin,Henry Poke
Augusto,Nunez 
Charlie,Saxon 
Jamie,Donaldson 
Anthony,Quayle 
Toto,Thimba 
Lorens,Chan 
Mathieu,Fenasse 
Todd,Baek 
Ockert,Strydom 
Jung,Ji-ho 
Terumichi,Kakazu 
Niklas,Norgaard Moller
Trevor,Sluman 
Nick,Voke 
Akio,Sadakata 
Bradley,Dredge 
David,Coupland 
Martin,Rohwer 
Bernard,Ritthammer 
P.,Tangkamolpraser 
Eom,Jae-woong 
Jack,Harrison 
Richard,McEvoy 
George,Cunningham 
Jean,Hugo 
Joshua,Creel 
Zach,Murray 
David,Horsey 
Max,McGreevy 
Allen,John 
Lorenzo,Scalise 
Huilin,Zhang 
Ondrej,Lieser 
Galam,Jeon 
Quincy,Quek 
Viraj,Madappa 
Siddikur,Rahman 
Seunghyuk,Kim 
Daniel,Greene 
Kevin,Dougherty 
Wen-Tang,Lin 
Paul,Peterson 
Sean,O'Hair 
Steve,Lewton 
Nicolas,Echavarria 
Rikard,Karlberg 
Evan,Harmeling 
Haydn,Porteous 
Matthew,Baldwin 
Benjamin,Follett-Smith 
Romain,Wattel 
Ben,Leong 
Daehyun,Kim 
Brian,Campbell 
Gonzalo,Fernandez-Castano 
Daijiro,Izumida 
Alex,Haindl 
Yoseop,Seo 
Kim,Tae-hoon 
Erik,Compton 
Laurie,Canter 
Suteepat,Prateeptienchai 
Jarryd,Felton 
Mathiam,Keyser 
Mikiya,Akutsu 
Thongchai,Jaidee 
Moritz,Lampert 
Han,Lee 
Sung-Ho,Lee 
Jaco,Van Zyl
Kristoffer,Reitan 
Gavin,Moynihan 
Taihei,Sato 
Trevor,Fisher Jr
Marcus,Fraser 
Hyowon,Park 
Stephen,Ferreira 
Settee,Prakongvech 
Stuart,Manley 
Anthony,Michael 
Nicolai,Dellingshausen 
James,Morrison 
Harrison,Endycott 
Marcelo,Rozo 
Kyung-Nam,Kang 
Shiv,Kapur 
Marcel,Schneider 
Steve,Wheatcroft 
Jamie,Arnold 
David,Kocher 
Steven,Alker 
Tatsunori,Nukaga 
Keith,Horne 
Hendrik,Du Plessis
Christofer,Blomstrand 
Adrien,Saddier 
Tomoyo,Ikemura 
Chapchai,Nirat 
Jared,Wolfe 
Cyril,Bouniol 
Yuwa,Kosaihira 
Brandon,Crick 
Dan,McCarthy 
Santiago,Tarrio 
Trevor,Immelman 
Jacques,Kruyswijk 
David,Bransdon 
Seonghyeon,Kim 
Robert,Karlsson 
Oliver,Bekker 
Haraldur,Magnus 
Yanwei,Liu 
Jacob,Glennemo 
Thanyakorn,Khrongpha 
Martin,Simonsen 
Shingo,Katayama 
Chan,Shih-chang 
Drew,Weaver 
Robin,Sciot-Siegrist 
Jonathan,Caldwell 
Shunya,Takeyasu 
Leandro,Marelli 
Damien,Perrier 
Yoshikazu,Haku 
Hanmil,Jung 
Nicholas,Fung 
Jun-won,Park 
Kevin,Techakanokboon 
Hennie,Otto 
John,Somers 
Lee,Hodges 
Ugo,Coussaud 
Enrico,Di Nitto
Aksel,Olsen 
Federico,MacCario 
K.T.,Kim 
Jeonghyeob,Hyun 
Ryutaro,Nagano 
Elias,Bertheussen 
Chad,Ramey 
Tyson,Alexander 
Ryuichi,Oiwa 
Blayne,Barber 
Motin,Yeung 
Jon,Thomson 
Austin,Smotherman 
Jens,Dantorp 
Will,Zalatoris 
Willy,Wilcox 
Robbie,Van West
Hyung-Sung,Kim 
Phachara,Khongwatmai 
Ryan,Ruffels 
Rory,Hie 
Jacobus,Prinsloo 
Julien,Guerrier 
Janne,Kaske 
Luke,Kwon 
Jacques,Blaauw 
JJ,Senekal 
Justin,Shin 
Samuel,Del Val
Justin,Lower 
Wang,Wei Lun
Ryuji,Masaoka 
Roope,Kakko 
David,Pastore 
Daisuke,Kataoka 
Andrew,Svoboda 
Julien,Foret 
Woojin,Jung 
Cho,Min-jun 
Trevor,Simsby 
T.J.,Vogel 
Steve,Marino 
Zach,Wright 
Andres,Gallegos 
Cameron,John 
Billy,Kennerly 
Sungyeol,Kwon 
Jonathan,Randolph 
Khalin,Joshi 
Justin,De Los
Jonathan,Garrick 
Cheng,Jin 
Jimmy,Stanger 
Lee,Jaekyeong 
Oscar,Zetterwall 
Ben,Campbell 
Luke,Guthrie 
Hayden,Buckley 
Alfie,Plant 
Yusaku,Miyazato 
Ben,Evans 
Jarin,Todd 
Tomoyasu,Sugiyama 
Kunihiro,Kamii 
Udayan,Mane 
Alejandro,Canizares 
Thomas,Bjorn 
Tom,Murray 
Jakraphan,Premsirigorn 
Vijay,Singh 
Ben,Kohles 
Aman,Raj 
Eric,Sugimoto 
Erik,Barnes 
Keenan,Davidse 
Ricardo,Gouveia 
Naoto,Nakanishi 
Davis,Love III
Sam,Gillis 
Darren,Beck 
Patrick,Flavin 
Kieran,Muir 
Sam,Fidone 
Shariffudin,Ariffin 
Fredrik,Nilehn 
Henric,Sturehed 
Jae-Ho,Kim 
Toru,Taniguchi 
Martin,Wiegele 
Timon,Baltl 
Eric,Steger 
Kade,McBride 
Dawie,van der
Trevor,Cone 
M,Miller 
Seung-taek,Lee 
Jonas,Kolbing 
Mark,Haastrup 
Pedro,Figueiredo 
Steven,Jeffress 
Malcolm,Kokocinski 
Steve,LeBrun 
Mikael,Lindberg 
Eduardo,De La
Mardan,Mamat 
Mukesh,Kumar 
Andres,Gonzales 
Chang-won,Han 
Mateusz,Gradecki 
Alexandre,Rocha 
Prayad,Marksaeng 
Lee,Jung-hwan 
Lukas,Nemecz 
Thitiphun,Chuayprakong 
Chinnarat,Phadungsil 
Nicolai,Kristensen 
Ake,Nilsson 
Shinichi,Mizuno 
Billy,Hemstock 
Aaron,Cockerill 
MD,Zamal Hossain
Lu,Wei-chih 
Netipong,Sritonginn 
Benjamin,Rusch 
Ruan,de Smidt
Namchoak,Tantipokakul 
Oliver,Gillberg 
Ashley,Hall 
Dominic,Foos 
Daisuke,Matsubara 
Taylor,Moore 
Ethan,Tracy 
William,McGirt 
Clodomiro,Carranza 
Matt,Ford 
Miguel,Angel Jimenez
Wade,Binfield 
Gustav,Adell 
Callum,Mowat 
Masaru,Takahashi 
Callum,Tarren 
Jinho,Choi 
Hung,Chien-yao 
Martin,Flores 
Lee,Dong-Min 
Takahiro,Hataji 
Terry,Pilkadaris 
Rahil,Gangjee 
Jordan,Zunic 
Aaron,Pike 
David,Skinns 
Dong,Seop Maeng
Chiehpo,Lee 
Oliver,Lindell 
Kasidit,Lepkurte 
Mike,Hendry 
Marcel,Siem 
Adam,Blyth 
Jae-Min,Hwang 
Hur,In-hoi 
Chris,Naegel 
Matthew,Nixon 
Brett,Rankin 
Joel,Girrbach 
Koki,Shiomi 
Young-han,Song 
Raththee,Sirithanakunsak 
Pieter,Moolman 
Nicolas,Paez 
Daniel,Fox 
Luke,Jerling 
Danny,Walker 
Xavier,Poncelet 
Marco,Penge 
Travis,Smyth 
Thanapath,Pichaikul 
Shintaro,Kobayashi 
Kevin,Yuan 
Pep,Angles 
Greg,Yates 
Minkyu,Kim 
Tirawat,Kaewsiribandt 
Jason,Smith 
Sebastien,Gros 
Steven,Ihm 
Cristobal,Del Solar
Scott,Henry 
Matias,Calderon 
Raphael,Jacquelin 
Honney,Baisoya 
Tom,Whitney 
David,Borda 
James,Du Preez
Peter,Hanson 
Horacio,Leon 
Madalitso,Muthiya 
Koichi,Kitamura 
Lin,Yung-lung 
Brett,Stegmaier 
Peter,Cooke 
Max,Orrin 
Niclas,Johansson 
Adam,Bland 
Dongha,Lee 
Supakorn,Utaipat 
Danny,Masrin 
Rowin,Caron 
David,Micheluzzi 
Matthew,Spacey 
Braden,Thornberry 
Bradley,Moore 
Hinrich,Arkenau 
Max,Rottluff 
Sung-ho,Yun 
Konosuke,Nakazato 
Alexander,Knappe 
Bryan,Bigley 
Mikko,Ilonen 
Ben,Eccles 
Daniel,Gavins 
Vaughn,Groenewald 
Albert,Venter 
Byung-Jun,Kim 
Dawson,Armstrong 
Joseph,Winslow 
Edouard,Dubois 
Haimeng,Chao 
Matt,Gilchrest 
Michael,Hoey 
Kevin,Lucas 
Shunyat,Hak 
Jonathan,Agren 
Jarand,Ekeland Arnoy
Dylan,Perry 
Varanyu,Rattanaphibo 
Andreas,Gronkvist 
Jan,Cafourek 
Lyle,Rowe 
Michael,Arnaud 
Blake,Proverbs 
Borja,Virto Astudillo
Derek,Barron 
Chandler,Blanchet 
Jeremiah,Kim 
Campbell,Rawson 
Shad,Tuten 
Heung-Chol,Joo 
Tatsuya,Kodai 
Nitithorn,Thippong 
Deyen,Lawson 
Takashi,Iwamoto 
Tae-woo,KIM 
James,Allan 
Joseph,Lane 
Mito,Pereira 
Scott,Pinckney 
Priyanshu,Singh 
Gareth,Paddison 
Thomas,Linard 
Casey,O'Toole 
Dylan,Boshart 
Marco,Iten 
Sutijet,Kooratanapis 
Carlos,Pigem 
Yujiro,Ohori 
Craig,Ross 
Josh,Younger 
Ivan,Cantero Gutierrez
Daniel,Gale 
Lloyd,Jefferson Go
M.,Dharma 
Antti,Ahokas 
Ian,Holt 
Guxin,Chen 
Michael,Sim 
Dylan,Meyer 
Nick,Cullen 
Alex,Chiarella 
Paul,Haley II
Chris,Robb 
Andreas,Halvorsen 
Toru,Nakajima 
Peter,Campbell 
Scott,Gutschewski 
Grant,Hirschman 
Christopher,Mivis 
Michael,Buttacavoli 
Christiaan,Basson 
Timothy,Madigan 
Tag,Ridings 
Chris,Cannon 
Mark,Brown 
David,Oh 
Mark,Young 
Brian,Richey 
Brad,Gehl 
Junseok,Lee 
Drew,Nesbitt 
Joel,Stalter 
Benjamin,Wheeler 
Stanislas,Gautier 
Junhyeok,Park 
Garrick,Porteous 
Masanori,Kobayashi 
Lee,Han-gu 
Byron,Meth 
Young-Woon,Kim 
Florian,Fritsch 
Jongheon,Park 
Rodrigo,Lee 
Hubert,Tisserand 
Corey,Pereira 
Takumi,Kanaya 
Greyson,Sigg 
Austen,Truslow 
Simon,Forsstrom 
Per,Langfors 
Santiago,Gomez 
Daniel,Young 
Luke,Joy 
Guowu,Zhou 
Espen,Kofstad 
Toby,Tree 
Andre,De Decker
Coert,Groenewald 
Shankar,Das 
Kristian,Johannessen 
Cameron,Beckman 
Jason,Bohn 
Davey,Jude 
Michael,Sims 
Mark,Wilson 
Steve,Allan 
Guy,Boros 
Logan,McCracken 
Gary,Nicklaus 
Greg,Sonnier 
Fred,Couples 
Fred,Funk 
Jonathan,Kaye 
Michael,Perras 
Stuart,Smith 
Daniel,Augustus IV
Spike,McRoy 
Conrad,Shindler 
Paul,Stankowski 
Mason,Williams 
Henry,Chung 
Taylor,Funk 
Joe,Boros 
Dwayne,Pearman 
Donlaphatchai,Niyomchon 
Bryden,MacPherson 
Panawat,Muenlek 
Andres,Echavarria 
Ryan,Yip 
Sam,Brazel 
Jordan,Wrisdale 
Varut,Chomchalam 
Marc,Warren 
Ham,Jeong-u 
Michael,Johnson 
Scott,Fernandez 
Harry,Bateman 
Ruaidhri,McGee 
Jack,Wilson 
Tim,Rice 
David,Heinzinger 
Jake,Higginbottom 
Edward,Loar 
Felipe,Aguilar 
Rourke,Van der
Kyle,Reifers 
Mathias,Gladbjerg 
K.P.,Lin 
Yushi,Ito 
Yashas,Chandra 
Tommy,Cocha 
